<TextureAtlas imagePath="spritesheet_retina.png">
	<SubTexture name="arrowCorner.png" x="512" y="1152" width="128" height="128"/>
	<SubTexture name="arrowCornerSquare.png" x="1024" y="1152" width="128" height="128"/>
	<SubTexture name="arrowCrossing.png" x="1024" y="1024" width="128" height="128"/>
	<SubTexture name="arrowEnd.png" x="1024" y="896" width="128" height="128"/>
	<SubTexture name="arrowHead.png" x="1024" y="768" width="128" height="128"/>
	<SubTexture name="arrowSmall.png" x="1024" y="640" width="128" height="128"/>
	<SubTexture name="arrowSplit.png" x="1024" y="512" width="128" height="128"/>
	<SubTexture name="arrowStraight.png" x="1024" y="384" width="128" height="128"/>
	<SubTexture name="banner.png" x="1024" y="256" width="128" height="128"/>
	<SubTexture name="bridge.png" x="1024" y="128" width="128" height="128"/>
	<SubTexture name="bridgeRope.png" x="1024" y="0" width="128" height="128"/>
	<SubTexture name="bush.png" x="896" y="1152" width="128" height="128"/>
	<SubTexture name="cactus.png" x="896" y="1024" width="128" height="128"/>
	<SubTexture name="cactusLarge.png" x="896" y="896" width="128" height="128"/>
	<SubTexture name="campfire.png" x="896" y="768" width="128" height="128"/>
	<SubTexture name="castle.png" x="896" y="640" width="128" height="128"/>
	<SubTexture name="castleTall.png" x="896" y="512" width="128" height="128"/>
	<SubTexture name="castleWide.png" x="0" y="0" width="256" height="128"/>
	<SubTexture name="castleWideLow.png" x="0" y="128" width="256" height="128"/>
	<SubTexture name="chest.png" x="896" y="128" width="128" height="128"/>
	<SubTexture name="church.png" x="896" y="0" width="128" height="128"/>
	<SubTexture name="churchLarge.png" x="768" y="1152" width="128" height="128"/>
	<SubTexture name="compass.png" x="768" y="1024" width="128" height="128"/>
	<SubTexture name="dock.png" x="768" y="896" width="128" height="128"/>
	<SubTexture name="elementCircle.png" x="768" y="768" width="128" height="128"/>
	<SubTexture name="elementCross.png" x="768" y="640" width="128" height="128"/>
	<SubTexture name="elementDiamond.png" x="768" y="512" width="128" height="128"/>
	<SubTexture name="elementShield.png" x="768" y="384" width="128" height="128"/>
	<SubTexture name="elementSquare.png" x="768" y="256" width="128" height="128"/>
	<SubTexture name="fence.png" x="768" y="128" width="128" height="128"/>
	<SubTexture name="flag.png" x="768" y="0" width="128" height="128"/>
	<SubTexture name="gate.png" x="640" y="1152" width="128" height="128"/>
	<SubTexture name="graveyard.png" x="640" y="1024" width="128" height="128"/>
	<SubTexture name="house.png" x="640" y="896" width="128" height="128"/>
	<SubTexture name="houseChimney.png" x="640" y="768" width="128" height="128"/>
	<SubTexture name="houseSmall.png" x="640" y="512" width="128" height="128"/>
	<SubTexture name="houseTall.png" x="640" y="384" width="128" height="128"/>
	<SubTexture name="houseViking.png" x="640" y="256" width="128" height="128"/>
	<SubTexture name="houses.png" x="640" y="640" width="128" height="128"/>
	<SubTexture name="lake.png" x="0" y="256" width="256" height="128"/>
	<SubTexture name="lakeRound.png" x="0" y="384" width="256" height="128"/>
	<SubTexture name="lighthouse.png" x="1152" y="0" width="128" height="128"/>
	<SubTexture name="mill.png" x="512" y="1024" width="128" height="128"/>
	<SubTexture name="mine.png" x="512" y="896" width="128" height="128"/>
	<SubTexture name="palm.png" x="512" y="768" width="128" height="128"/>
	<SubTexture name="palmLarge.png" x="512" y="640" width="128" height="128"/>
	<SubTexture name="pathCorner.png" x="512" y="512" width="128" height="128"/>
	<SubTexture name="pathCrossing.png" x="512" y="384" width="128" height="128"/>
	<SubTexture name="pathEnd.png" x="512" y="256" width="128" height="128"/>
	<SubTexture name="pathSplit.png" x="896" y="256" width="128" height="128"/>
	<SubTexture name="pathStraight.png" x="896" y="384" width="128" height="128"/>
	<SubTexture name="pyramid.png" x="384" y="1152" width="128" height="128"/>
	<SubTexture name="rocks.png" x="384" y="1024" width="128" height="128"/>
	<SubTexture name="rocksA.png" x="384" y="896" width="128" height="128"/>
	<SubTexture name="rocksB.png" x="384" y="768" width="128" height="128"/>
	<SubTexture name="rocksMountain.png" x="384" y="640" width="128" height="128"/>
	<SubTexture name="rocksTall.png" x="384" y="512" width="128" height="128"/>
	<SubTexture name="ruins.png" x="384" y="384" width="128" height="128"/>
	<SubTexture name="ship.png" x="384" y="256" width="128" height="128"/>
	<SubTexture name="skull.png" x="640" y="0" width="128" height="128"/>
	<SubTexture name="stable.png" x="640" y="128" width="128" height="128"/>
	<SubTexture name="tent.png" x="256" y="1152" width="128" height="128"/>
	<SubTexture name="textureBricks.png" x="256" y="1024" width="128" height="128"/>
	<SubTexture name="textureStone.png" x="256" y="896" width="128" height="128"/>
	<SubTexture name="textureWater.png" x="256" y="768" width="128" height="128"/>
	<SubTexture name="tipi.png" x="256" y="640" width="128" height="128"/>
	<SubTexture name="tower.png" x="256" y="512" width="128" height="128"/>
	<SubTexture name="towerLow.png" x="256" y="384" width="128" height="128"/>
	<SubTexture name="towerTall.png" x="256" y="256" width="128" height="128"/>
	<SubTexture name="towerWatch.png" x="256" y="128" width="128" height="128"/>
	<SubTexture name="treePine.png" x="256" y="0" width="128" height="128"/>
	<SubTexture name="treePineLarge.png" x="128" y="1152" width="128" height="128"/>
	<SubTexture name="treePineTall.png" x="128" y="768" width="128" height="256"/>
	<SubTexture name="treePineTallLarge.png" x="128" y="512" width="128" height="256"/>
	<SubTexture name="treePineTallLow.png" x="0" y="896" width="128" height="256"/>
	<SubTexture name="treePines.png" x="128" y="1024" width="128" height="128"/>
	<SubTexture name="treePinesSmall.png" x="0" y="1152" width="128" height="128"/>
	<SubTexture name="treeTall.png" x="0" y="640" width="128" height="256"/>
	<SubTexture name="vulcano.png" x="0" y="512" width="128" height="128"/>
	<SubTexture name="wall.png" x="384" y="128" width="128" height="128"/>
	<SubTexture name="watchtower.png" x="384" y="0" width="128" height="128"/>
	<SubTexture name="waterWheel.png" x="512" y="128" width="128" height="128"/>
	<SubTexture name="well.png" x="512" y="0" width="128" height="128"/>
</TextureAtlas>