<TextureAtlas imagePath="spritesheet_default.png">
	<SubTexture name="arrowCorner.png" x="256" y="576" width="64" height="64"/>
	<SubTexture name="arrowCornerSquare.png" x="512" y="576" width="64" height="64"/>
	<SubTexture name="arrowCrossing.png" x="512" y="512" width="64" height="64"/>
	<SubTexture name="arrowEnd.png" x="512" y="448" width="64" height="64"/>
	<SubTexture name="arrowHead.png" x="512" y="384" width="64" height="64"/>
	<SubTexture name="arrowSmall.png" x="512" y="320" width="64" height="64"/>
	<SubTexture name="arrowSplit.png" x="512" y="256" width="64" height="64"/>
	<SubTexture name="arrowStraight.png" x="512" y="192" width="64" height="64"/>
	<SubTexture name="banner.png" x="512" y="128" width="64" height="64"/>
	<SubTexture name="bridge.png" x="512" y="64" width="64" height="64"/>
	<SubTexture name="bridgeRope.png" x="512" y="0" width="64" height="64"/>
	<SubTexture name="bush.png" x="448" y="576" width="64" height="64"/>
	<SubTexture name="cactus.png" x="448" y="512" width="64" height="64"/>
	<SubTexture name="cactusLarge.png" x="448" y="448" width="64" height="64"/>
	<SubTexture name="campfire.png" x="448" y="384" width="64" height="64"/>
	<SubTexture name="castle.png" x="448" y="320" width="64" height="64"/>
	<SubTexture name="castleTall.png" x="448" y="256" width="64" height="64"/>
	<SubTexture name="castleWide.png" x="0" y="0" width="128" height="64"/>
	<SubTexture name="castleWideLow.png" x="0" y="64" width="128" height="64"/>
	<SubTexture name="chest.png" x="448" y="64" width="64" height="64"/>
	<SubTexture name="church.png" x="448" y="0" width="64" height="64"/>
	<SubTexture name="churchLarge.png" x="384" y="576" width="64" height="64"/>
	<SubTexture name="compass.png" x="384" y="512" width="64" height="64"/>
	<SubTexture name="dock.png" x="384" y="448" width="64" height="64"/>
	<SubTexture name="elementCircle.png" x="384" y="384" width="64" height="64"/>
	<SubTexture name="elementCross.png" x="384" y="320" width="64" height="64"/>
	<SubTexture name="elementDiamond.png" x="384" y="256" width="64" height="64"/>
	<SubTexture name="elementShield.png" x="384" y="192" width="64" height="64"/>
	<SubTexture name="elementSquare.png" x="384" y="128" width="64" height="64"/>
	<SubTexture name="fence.png" x="384" y="64" width="64" height="64"/>
	<SubTexture name="flag.png" x="384" y="0" width="64" height="64"/>
	<SubTexture name="gate.png" x="320" y="576" width="64" height="64"/>
	<SubTexture name="graveyard.png" x="320" y="512" width="64" height="64"/>
	<SubTexture name="house.png" x="320" y="448" width="64" height="64"/>
	<SubTexture name="houseChimney.png" x="320" y="384" width="64" height="64"/>
	<SubTexture name="houseSmall.png" x="320" y="256" width="64" height="64"/>
	<SubTexture name="houseTall.png" x="320" y="192" width="64" height="64"/>
	<SubTexture name="houseViking.png" x="320" y="128" width="64" height="64"/>
	<SubTexture name="houses.png" x="320" y="320" width="64" height="64"/>
	<SubTexture name="lake.png" x="0" y="128" width="128" height="64"/>
	<SubTexture name="lakeRound.png" x="0" y="192" width="128" height="64"/>
	<SubTexture name="lighthouse.png" x="576" y="0" width="64" height="64"/>
	<SubTexture name="mill.png" x="256" y="512" width="64" height="64"/>
	<SubTexture name="mine.png" x="256" y="448" width="64" height="64"/>
	<SubTexture name="palm.png" x="256" y="384" width="64" height="64"/>
	<SubTexture name="palmLarge.png" x="256" y="320" width="64" height="64"/>
	<SubTexture name="pathCorner.png" x="256" y="256" width="64" height="64"/>
	<SubTexture name="pathCrossing.png" x="256" y="192" width="64" height="64"/>
	<SubTexture name="pathEnd.png" x="256" y="128" width="64" height="64"/>
	<SubTexture name="pathSplit.png" x="448" y="128" width="64" height="64"/>
	<SubTexture name="pathStraight.png" x="448" y="192" width="64" height="64"/>
	<SubTexture name="pyramid.png" x="192" y="576" width="64" height="64"/>
	<SubTexture name="rocks.png" x="192" y="512" width="64" height="64"/>
	<SubTexture name="rocksA.png" x="192" y="448" width="64" height="64"/>
	<SubTexture name="rocksB.png" x="192" y="384" width="64" height="64"/>
	<SubTexture name="rocksMountain.png" x="192" y="320" width="64" height="64"/>
	<SubTexture name="rocksTall.png" x="192" y="256" width="64" height="64"/>
	<SubTexture name="runis.png" x="192" y="192" width="64" height="64"/>
	<SubTexture name="ship.png" x="192" y="128" width="64" height="64"/>
	<SubTexture name="skull.png" x="320" y="0" width="64" height="64"/>
	<SubTexture name="stable.png" x="320" y="64" width="64" height="64"/>
	<SubTexture name="tent.png" x="128" y="576" width="64" height="64"/>
	<SubTexture name="textureBricks.png" x="128" y="512" width="64" height="64"/>
	<SubTexture name="textureStone.png" x="128" y="448" width="64" height="64"/>
	<SubTexture name="textureWater.png" x="128" y="384" width="64" height="64"/>
	<SubTexture name="tipi.png" x="128" y="320" width="64" height="64"/>
	<SubTexture name="tower.png" x="128" y="256" width="64" height="64"/>
	<SubTexture name="towerLow.png" x="128" y="192" width="64" height="64"/>
	<SubTexture name="towerTall.png" x="128" y="128" width="64" height="64"/>
	<SubTexture name="towerWatch.png" x="128" y="64" width="64" height="64"/>
	<SubTexture name="treePine.png" x="128" y="0" width="64" height="64"/>
	<SubTexture name="treePineLarge.png" x="64" y="576" width="64" height="64"/>
	<SubTexture name="treePineTall.png" x="64" y="384" width="64" height="128"/>
	<SubTexture name="treePineTallLarge.png" x="64" y="256" width="64" height="128"/>
	<SubTexture name="treePineTallLow.png" x="0" y="448" width="64" height="128"/>
	<SubTexture name="treePines.png" x="64" y="512" width="64" height="64"/>
	<SubTexture name="treePinesSmall.png" x="0" y="576" width="64" height="64"/>
	<SubTexture name="treeTall.png" x="0" y="320" width="64" height="128"/>
	<SubTexture name="vulcano.png" x="0" y="256" width="64" height="64"/>
	<SubTexture name="wall.png" x="192" y="64" width="64" height="64"/>
	<SubTexture name="watchtower.png" x="192" y="0" width="64" height="64"/>
	<SubTexture name="waterWheel.png" x="256" y="64" width="64" height="64"/>
	<SubTexture name="well.png" x="256" y="0" width="64" height="64"/>
</TextureAtlas>